log_msg_len,type_id,timestamp,Version,Num Subpkt,Subpacket ID,Subpacket Version,Subpacket Size,Num RBs,Num Errors,Num Offload Q Full Count,Num Packet Dropped Offload Q Full,RBs,Rb Cfg Idx,Mode,PDCP Hdr Len,Num RST,Num Flow Ctrl Trigger,Num Data PDU Rx,Num Data PDU Rx Bytes,Control PDU Bytes Rx,Num Control PDU Gen,Num Control PDU Gen Bytes,Num Stat Rprt Ctrl PDU Rx,Num ROHC Ctrl PDU Rx,Num PDU ROHC Fail,Num PDU Integrity Fail,Num Missing SDU To UL,Num Missing SDU From UL,Num PDU Dups,Num PDU Dups Bytes,Num PDU Out of Win,Num PDU Out of Win Bytes,Num PDU Invalid,Num PDU Invalid Bytes,Num Flow Ctrl Trigger Rst,Num Data PDU Rx Rst,Num Data PDU Rx Bytes Rst,Control PDU Bytes Rx Rst,Num Control PDU Gen Rst,Num Control PDU Gen Bytes Rst,Num Stat Rprt Ctrl PDU Rx Rst,Num ROHC Ctrl PDU Rx Rst,Num PDU ROHC Fail Rst,Num PDU Integrity Fail Rst,Num Missing SDU To UL Rst,Num Missing SDU From UL Rst,Num PDU Dups Rst,Num PDU Dups Bytes Rst,Num PDU Out of Win Rst,Num PDU Out of Win Bytes Rst,Num PDU Invalid Rst,Num PDU Invalid Bytes Rst,Rb Cfg Idx,Mode,PDCP Hdr Len,Num RST,Num Flow Ctrl Trigger,Num Data PDU Rx,Num Data PDU Rx Bytes,Control PDU Bytes Rx,Num Control PDU Gen,Num Control PDU Gen Bytes,Num Stat Rprt Ctrl PDU Rx,Num ROHC Ctrl PDU Rx,Num PDU ROHC Fail,Num PDU Integrity Fail,Num Missing SDU To UL,Num Missing SDU From UL,Num PDU Dups,Num PDU Dups Bytes,Num PDU Out of Win,Num PDU Out of Win Bytes,Num PDU Invalid,Num PDU Invalid Bytes,Num Flow Ctrl Trigger Rst,Num Data PDU Rx Rst,Num Data PDU Rx Bytes Rst,Control PDU Bytes Rx Rst,Num Control PDU Gen Rst,Num Control PDU Gen Bytes Rst,Num Stat Rprt Ctrl PDU Rx Rst,Num ROHC Ctrl PDU Rx Rst,Num PDU ROHC Fail Rst,Num PDU Integrity Fail Rst,Num Missing SDU To UL Rst,Num Missing SDU From UL Rst,Num PDU Dups Rst,Num PDU Dups Bytes Rst,Num PDU Out of Win Rst,Num PDU Out of Win Bytes Rst,Num PDU Invalid Rst,Num PDU Invalid Bytes Rst,Rb Cfg Idx,Mode,PDCP Hdr Len,Num RST,Num Flow Ctrl Trigger,Num Data PDU Rx,Num Data PDU Rx Bytes,Control PDU Bytes Rx,Num Control PDU Gen,Num Control PDU Gen Bytes,Num Stat Rprt Ctrl PDU Rx,Num ROHC Ctrl PDU Rx,Num PDU ROHC Fail,Num PDU Integrity Fail,Num Missing SDU To UL,Num Missing SDU From UL,Num PDU Dups,Num PDU Dups Bytes,Num PDU Out of Win,Num PDU Out of Win Bytes,Num PDU Invalid,Num PDU Invalid Bytes,Num Flow Ctrl Trigger Rst,Num Data PDU Rx Rst,Num Data PDU Rx Bytes Rst,Control PDU Bytes Rx Rst,Num Control PDU Gen Rst,Num Control PDU Gen Bytes Rst,Num Stat Rprt Ctrl PDU Rx Rst,Num ROHC Ctrl PDU Rx Rst,Num PDU ROHC Fail Rst,Num PDU Integrity Fail Rst,Num Missing SDU To UL Rst,Num Missing SDU From UL Rst,Num PDU Dups Rst,Num PDU Dups Bytes Rst,Num PDU Out of Win Rst,Num PDU Out of Win Bytes Rst,Num PDU Invalid Rst,Num PDU Invalid Bytes Rst,Rb Cfg Idx,Mode,PDCP Hdr Len,Num RST,Num Flow Ctrl Trigger,Num Data PDU Rx,Num Data PDU Rx Bytes,Control PDU Bytes Rx,Num Control PDU Gen,Num Control PDU Gen Bytes,Num Stat Rprt Ctrl PDU Rx,Num ROHC Ctrl PDU Rx,Num PDU ROHC Fail,Num PDU Integrity Fail,Num Missing SDU To UL,Num Missing SDU From UL,Num PDU Dups,Num PDU Dups Bytes,Num PDU Out of Win,Num PDU Out of Win Bytes,Num PDU Invalid,Num PDU Invalid Bytes,Num Flow Ctrl Trigger Rst,Num Data PDU Rx Rst,Num Data PDU Rx Bytes Rst,Control PDU Bytes Rx Rst,Num Control PDU Gen Rst,Num Control PDU Gen Bytes Rst,Num Stat Rprt Ctrl PDU Rx Rst,Num ROHC Ctrl PDU Rx Rst,Num PDU ROHC Fail Rst,Num PDU Integrity Fail Rst,Num Missing SDU To UL Rst,Num Missing SDU From UL Rst,Num PDU Dups Rst,Num PDU Dups Bytes Rst,Num PDU Out of Win Rst,Num PDU Out of Win Bytes Rst,Num PDU Invalid Rst,Num PDU Invalid Bytes Rst
704,LTE_PDCP_DL_Stats,2021-11-29 02:38:26.857048,1,1,196,2,688,4,0,0,0,,4,AM,2,0,0,1495,1482598,0,0,0,0,0,0,0,0,0,0,0,0,0,0,0,0,1495,1482598,0,0,0,0,0,0,0,0,0,0,0,0,0,0,0,5,AM,2,0,0,0,0,0,0,0,0,0,0,0,0,0,0,0,0,0,0,0,0,0,0,0,0,0,0,0,0,0,0,0,0,0,0,0,0,0,33,AM,1,0,0,5,376,0,0,0,0,0,0,0,0,0,0,0,0,0,0,0,0,5,376,0,0,0,0,0,0,0,0,0,0,0,0,0,0,0,34,AM,1,0,0,1,8,0,0,0,0,0,0,0,0,0,0,0,0,0,0,0,0,1,8,0,0,0,0,0,0,0,0,0,0,0,0,0,0,0
704,LTE_PDCP_DL_Stats,2021-11-29 02:38:22.857058,1,1,196,2,688,4,0,0,0,,4,AM,2,0,0,874,755221,0,0,0,0,0,0,0,0,0,0,0,0,0,0,0,0,874,755221,0,0,0,0,0,0,0,0,0,0,0,0,0,0,0,5,AM,2,0,0,0,0,0,0,0,0,0,0,0,0,0,0,0,0,0,0,0,0,0,0,0,0,0,0,0,0,0,0,0,0,0,0,0,0,0,33,AM,1,0,0,4,300,0,0,0,0,0,0,0,0,0,0,0,0,0,0,0,0,4,300,0,0,0,0,0,0,0,0,0,0,0,0,0,0,0,34,AM,1,0,0,1,8,0,0,0,0,0,0,0,0,0,0,0,0,0,0,0,0,1,8,0,0,0,0,0,0,0,0,0,0,0,0,0,0,0
704,LTE_PDCP_DL_Stats,2021-11-29 02:50:08.448191,1,1,196,2,688,4,0,0,0,,4,AM,2,0,0,2,406,0,0,0,0,0,0,0,0,0,0,0,0,0,0,0,0,2,406,0,0,0,0,0,0,0,0,0,0,0,0,0,0,0,5,AM,2,0,0,0,0,0,0,0,0,0,0,0,0,0,0,0,0,0,0,0,0,0,0,0,0,0,0,0,0,0,0,0,0,0,0,0,0,0,33,AM,1,0,0,3,171,0,0,0,0,0,0,0,0,0,0,0,0,0,0,0,0,3,171,0,0,0,0,0,0,0,0,0,0,0,0,0,0,0,34,AM,1,0,0,1,8,0,0,0,0,0,0,0,0,0,0,0,0,0,0,0,0,1,8,0,0,0,0,0,0,0,0,0,0,0,0,0,0,0
704,LTE_PDCP_DL_Stats,2021-11-29 02:50:08.948181,1,1,196,2,688,4,0,0,0,,4,AM,2,0,0,2,406,0,0,0,0,0,0,0,0,0,0,0,0,0,0,0,0,2,406,0,0,0,0,0,0,0,0,0,0,0,0,0,0,0,5,AM,2,0,0,0,0,0,0,0,0,0,0,0,0,0,0,0,0,0,0,0,0,0,0,0,0,0,0,0,0,0,0,0,0,0,0,0,0,0,33,AM,1,0,0,3,171,0,0,0,0,0,0,0,0,0,0,0,0,0,0,0,0,3,171,0,0,0,0,0,0,0,0,0,0,0,0,0,0,0,34,AM,1,0,0,1,8,0,0,0,0,0,0,0,0,0,0,0,0,0,0,0,0,1,8,0,0,0,0,0,0,0,0,0,0,0,0,0,0,0
704,LTE_PDCP_DL_Stats,2021-11-29 02:50:09.448202,1,1,196,2,688,4,0,0,0,,4,AM,2,0,0,2,406,0,0,0,0,0,0,0,0,0,0,0,0,0,0,0,0,2,406,0,0,0,0,0,0,0,0,0,0,0,0,0,0,0,5,AM,2,0,0,0,0,0,0,0,0,0,0,0,0,0,0,0,0,0,0,0,0,0,0,0,0,0,0,0,0,0,0,0,0,0,0,0,0,0,33,AM,1,0,0,3,171,0,0,0,0,0,0,0,0,0,0,0,0,0,0,0,0,3,171,0,0,0,0,0,0,0,0,0,0,0,0,0,0,0,34,AM,1,0,0,1,8,0,0,0,0,0,0,0,0,0,0,0,0,0,0,0,0,1,8,0,0,0,0,0,0,0,0,0,0,0,0,0,0,0
704,LTE_PDCP_DL_Stats,2021-11-29 02:50:20.948177,1,1,196,2,688,4,0,0,0,,4,AM,2,0,0,113,54260,0,0,0,0,0,0,0,0,0,0,0,0,0,0,0,0,113,54260,0,0,0,0,0,0,0,0,0,0,0,0,0,0,0,5,AM,2,0,0,0,0,0,0,0,0,0,0,0,0,0,0,0,0,0,0,0,0,0,0,0,0,0,0,0,0,0,0,0,0,0,0,0,0,0,33,AM,1,0,0,5,222,0,0,0,0,0,0,0,0,0,0,0,0,0,0,0,0,5,222,0,0,0,0,0,0,0,0,0,0,0,0,0,0,0,34,AM,1,0,0,1,8,0,0,0,0,0,0,0,0,0,0,0,0,0,0,0,0,1,8,0,0,0,0,0,0,0,0,0,0,0,0,0,0,0
704,LTE_PDCP_DL_Stats,2021-11-29 02:50:21.448147,1,1,196,2,688,4,0,0,0,,4,AM,2,0,0,113,54260,0,0,0,0,0,0,0,0,0,0,0,0,0,0,0,0,113,54260,0,0,0,0,0,0,0,0,0,0,0,0,0,0,0,5,AM,2,0,0,0,0,0,0,0,0,0,0,0,0,0,0,0,0,0,0,0,0,0,0,0,0,0,0,0,0,0,0,0,0,0,0,0,0,0,33,AM,1,0,0,5,222,0,0,0,0,0,0,0,0,0,0,0,0,0,0,0,0,5,222,0,0,0,0,0,0,0,0,0,0,0,0,0,0,0,34,AM,1,0,0,1,8,0,0,0,0,0,0,0,0,0,0,0,0,0,0,0,0,1,8,0,0,0,0,0,0,0,0,0,0,0,0,0,0,0
704,LTE_PDCP_DL_Stats,2021-11-29 02:38:19.857065,1,1,196,2,688,4,0,0,0,,4,AM,2,0,0,530,422965,0,0,0,0,0,0,0,0,0,0,0,0,0,0,0,0,530,422965,0,0,0,0,0,0,0,0,0,0,0,0,0,0,0,5,AM,2,0,0,0,0,0,0,0,0,0,0,0,0,0,0,0,0,0,0,0,0,0,0,0,0,0,0,0,0,0,0,0,0,0,0,0,0,0,33,AM,1,0,0,4,300,0,0,0,0,0,0,0,0,0,0,0,0,0,0,0,0,4,300,0,0,0,0,0,0,0,0,0,0,0,0,0,0,0,34,AM,1,0,0,1,8,0,0,0,0,0,0,0,0,0,0,0,0,0,0,0,0,1,8,0,0,0,0,0,0,0,0,0,0,0,0,0,0,0
704,LTE_PDCP_DL_Stats,2021-11-29 02:45:00.822851,1,1,196,2,688,4,0,0,0,,4,AM,2,0,0,3,186,0,0,0,0,0,0,0,0,0,0,0,0,0,0,0,0,3,186,0,0,0,0,0,0,0,0,0,0,0,0,0,0,0,5,AM,2,0,0,0,0,0,0,0,0,0,0,0,0,0,0,0,0,0,0,0,0,0,0,0,0,0,0,0,0,0,0,0,0,0,0,0,0,0,33,AM,1,0,0,3,171,0,0,0,0,0,0,0,0,0,0,0,0,0,0,0,0,3,171,0,0,0,0,0,0,0,0,0,0,0,0,0,0,0,34,AM,1,0,0,1,8,0,0,0,0,0,0,0,0,0,0,0,0,0,0,0,0,1,8,0,0,0,0,0,0,0,0,0,0,0,0,0,0,0
704,LTE_PDCP_DL_Stats,2021-11-29 02:44:42.480106,1,1,196,2,688,4,0,0,0,,4,AM,2,0,0,949,990985,0,0,0,0,0,0,0,0,0,0,0,0,0,0,0,0,949,990985,0,0,0,0,0,0,0,0,0,0,0,0,0,0,0,5,AM,2,0,0,0,0,0,0,0,0,0,0,0,0,0,0,0,0,0,0,0,0,0,0,0,0,0,0,0,0,0,0,0,0,0,0,0,0,0,33,AM,1,0,0,3,171,0,0,0,0,0,0,0,0,0,0,0,0,0,0,0,0,3,171,0,0,0,0,0,0,0,0,0,0,0,0,0,0,0,34,AM,1,0,0,1,8,0,0,0,0,0,0,0,0,0,0,0,0,0,0,0,0,1,8,0,0,0,0,0,0,0,0,0,0,0,0,0,0,0
704,LTE_PDCP_DL_Stats,2021-11-29 02:44:42.982933,1,1,196,2,688,4,0,0,0,,4,AM,2,0,0,949,990985,0,0,0,0,0,0,0,0,0,0,0,0,0,0,0,0,949,990985,0,0,0,0,0,0,0,0,0,0,0,0,0,0,0,5,AM,2,0,0,0,0,0,0,0,0,0,0,0,0,0,0,0,0,0,0,0,0,0,0,0,0,0,0,0,0,0,0,0,0,0,0,0,0,0,33,AM,1,0,0,3,171,0,0,0,0,0,0,0,0,0,0,0,0,0,0,0,0,3,171,0,0,0,0,0,0,0,0,0,0,0,0,0,0,0,34,AM,1,0,0,1,8,0,0,0,0,0,0,0,0,0,0,0,0,0,0,0,0,1,8,0,0,0,0,0,0,0,0,0,0,0,0,0,0,0
704,LTE_PDCP_DL_Stats,2021-11-29 02:50:12.948172,1,1,196,2,688,4,0,0,0,,4,AM,2,0,0,30,15554,0,0,0,0,0,0,0,0,0,0,0,0,0,0,0,0,30,15554,0,0,0,0,0,0,0,0,0,0,0,0,0,0,0,5,AM,2,0,0,0,0,0,0,0,0,0,0,0,0,0,0,0,0,0,0,0,0,0,0,0,0,0,0,0,0,0,0,0,0,0,0,0,0,0,33,AM,1,0,0,3,171,0,0,0,0,0,0,0,0,0,0,0,0,0,0,0,0,3,171,0,0,0,0,0,0,0,0,0,0,0,0,0,0,0,34,AM,1,0,0,1,8,0,0,0,0,0,0,0,0,0,0,0,0,0,0,0,0,1,8,0,0,0,0,0,0,0,0,0,0,0,0,0,0,0
704,LTE_PDCP_DL_Stats,2021-11-29 02:45:04.822916,1,1,196,2,688,4,0,0,0,,4,AM,2,0,0,8,740,0,0,0,0,0,0,0,0,0,0,0,0,0,0,0,0,8,740,0,0,0,0,0,0,0,0,0,0,0,0,0,0,0,5,AM,2,0,0,0,0,0,0,0,0,0,0,0,0,0,0,0,0,0,0,0,0,0,0,0,0,0,0,0,0,0,0,0,0,0,0,0,0,0,33,AM,1,0,0,3,171,0,0,0,0,0,0,0,0,0,0,0,0,0,0,0,0,3,171,0,0,0,0,0,0,0,0,0,0,0,0,0,0,0,34,AM,1,0,0,1,8,0,0,0,0,0,0,0,0,0,0,0,0,0,0,0,0,1,8,0,0,0,0,0,0,0,0,0,0,0,0,0,0,0
704,LTE_PDCP_DL_Stats,2021-11-29 02:45:05.322838,1,1,196,2,688,4,0,0,0,,4,AM,2,0,0,8,740,0,0,0,0,0,0,0,0,0,0,0,0,0,0,0,0,8,740,0,0,0,0,0,0,0,0,0,0,0,0,0,0,0,5,AM,2,0,0,0,0,0,0,0,0,0,0,0,0,0,0,0,0,0,0,0,0,0,0,0,0,0,0,0,0,0,0,0,0,0,0,0,0,0,33,AM,1,0,0,3,171,0,0,0,0,0,0,0,0,0,0,0,0,0,0,0,0,3,171,0,0,0,0,0,0,0,0,0,0,0,0,0,0,0,34,AM,1,0,0,1,8,0,0,0,0,0,0,0,0,0,0,0,0,0,0,0,0,1,8,0,0,0,0,0,0,0,0,0,0,0,0,0,0,0
704,LTE_PDCP_DL_Stats,2021-11-29 02:45:05.822866,1,1,196,2,688,4,0,0,0,,4,AM,2,0,0,8,740,0,0,0,0,0,0,0,0,0,0,0,0,0,0,0,0,8,740,0,0,0,0,0,0,0,0,0,0,0,0,0,0,0,5,AM,2,0,0,0,0,0,0,0,0,0,0,0,0,0,0,0,0,0,0,0,0,0,0,0,0,0,0,0,0,0,0,0,0,0,0,0,0,0,33,AM,1,0,0,3,171,0,0,0,0,0,0,0,0,0,0,0,0,0,0,0,0,3,171,0,0,0,0,0,0,0,0,0,0,0,0,0,0,0,34,AM,1,0,0,1,8,0,0,0,0,0,0,0,0,0,0,0,0,0,0,0,0,1,8,0,0,0,0,0,0,0,0,0,0,0,0,0,0,0
704,LTE_PDCP_DL_Stats,2021-11-29 02:45:06.322894,1,1,196,2,688,4,0,0,0,,4,AM,2,0,0,8,740,0,0,0,0,0,0,0,0,0,0,0,0,0,0,0,0,8,740,0,0,0,0,0,0,0,0,0,0,0,0,0,0,0,5,AM,2,0,0,0,0,0,0,0,0,0,0,0,0,0,0,0,0,0,0,0,0,0,0,0,0,0,0,0,0,0,0,0,0,0,0,0,0,0,33,AM,1,0,0,3,171,0,0,0,0,0,0,0,0,0,0,0,0,0,0,0,0,3,171,0,0,0,0,0,0,0,0,0,0,0,0,0,0,0,34,AM,1,0,0,1,8,0,0,0,0,0,0,0,0,0,0,0,0,0,0,0,0,1,8,0,0,0,0,0,0,0,0,0,0,0,0,0,0,0
704,LTE_PDCP_DL_Stats,2021-11-29 02:45:06.822840,1,1,196,2,688,4,0,0,0,,4,AM,2,0,0,8,740,0,0,0,0,0,0,0,0,0,0,0,0,0,0,0,0,8,740,0,0,0,0,0,0,0,0,0,0,0,0,0,0,0,5,AM,2,0,0,0,0,0,0,0,0,0,0,0,0,0,0,0,0,0,0,0,0,0,0,0,0,0,0,0,0,0,0,0,0,0,0,0,0,0,33,AM,1,0,0,3,171,0,0,0,0,0,0,0,0,0,0,0,0,0,0,0,0,3,171,0,0,0,0,0,0,0,0,0,0,0,0,0,0,0,34,AM,1,0,0,1,8,0,0,0,0,0,0,0,0,0,0,0,0,0,0,0,0,1,8,0,0,0,0,0,0,0,0,0,0,0,0,0,0,0
704,LTE_PDCP_DL_Stats,2021-11-29 02:38:20.857066,1,1,196,2,688,4,0,0,0,,4,AM,2,0,0,558,431804,0,0,0,0,0,0,0,0,0,0,0,0,0,0,0,0,558,431804,0,0,0,0,0,0,0,0,0,0,0,0,0,0,0,5,AM,2,0,0,0,0,0,0,0,0,0,0,0,0,0,0,0,0,0,0,0,0,0,0,0,0,0,0,0,0,0,0,0,0,0,0,0,0,0,33,AM,1,0,0,4,300,0,0,0,0,0,0,0,0,0,0,0,0,0,0,0,0,4,300,0,0,0,0,0,0,0,0,0,0,0,0,0,0,0,34,AM,1,0,0,1,8,0,0,0,0,0,0,0,0,0,0,0,0,0,0,0,0,1,8,0,0,0,0,0,0,0,0,0,0,0,0,0,0,0
704,LTE_PDCP_DL_Stats,2021-11-29 02:50:23.448184,1,1,196,2,688,4,0,0,0,,4,AM,2,0,0,148,64842,0,0,0,0,0,0,0,0,0,0,0,0,0,0,0,0,148,64842,0,0,0,0,0,0,0,0,0,0,0,0,0,0,0,5,AM,2,0,0,0,0,0,0,0,0,0,0,0,0,0,0,0,0,0,0,0,0,0,0,0,0,0,0,0,0,0,0,0,0,0,0,0,0,0,33,AM,1,0,0,5,222,0,0,0,0,0,0,0,0,0,0,0,0,0,0,0,0,5,222,0,0,0,0,0,0,0,0,0,0,0,0,0,0,0,34,AM,1,0,0,1,8,0,0,0,0,0,0,0,0,0,0,0,0,0,0,0,0,1,8,0,0,0,0,0,0,0,0,0,0,0,0,0,0,0
704,LTE_PDCP_DL_Stats,2021-11-29 02:50:23.948177,1,1,196,2,688,4,0,0,0,,4,AM,2,0,0,152,67578,0,0,0,0,0,0,0,0,0,0,0,0,0,0,0,0,152,67578,0,0,0,0,0,0,0,0,0,0,0,0,0,0,0,5,AM,2,0,0,0,0,0,0,0,0,0,0,0,0,0,0,0,0,0,0,0,0,0,0,0,0,0,0,0,0,0,0,0,0,0,0,0,0,0,33,AM,1,0,0,5,222,0,0,0,0,0,0,0,0,0,0,0,0,0,0,0,0,5,222,0,0,0,0,0,0,0,0,0,0,0,0,0,0,0,34,AM,1,0,0,1,8,0,0,0,0,0,0,0,0,0,0,0,0,0,0,0,0,1,8,0,0,0,0,0,0,0,0,0,0,0,0,0,0,0
704,LTE_PDCP_DL_Stats,2021-11-29 02:45:03.809525,1,1,196,2,688,4,0,0,0,,4,AM,2,0,0,8,740,0,0,0,0,0,0,0,0,0,0,0,0,0,0,0,0,8,740,0,0,0,0,0,0,0,0,0,0,0,0,0,0,0,5,AM,2,0,0,0,0,0,0,0,0,0,0,0,0,0,0,0,0,0,0,0,0,0,0,0,0,0,0,0,0,0,0,0,0,0,0,0,0,0,33,AM,1,0,0,3,171,0,0,0,0,0,0,0,0,0,0,0,0,0,0,0,0,3,171,0,0,0,0,0,0,0,0,0,0,0,0,0,0,0,34,AM,1,0,0,1,8,0,0,0,0,0,0,0,0,0,0,0,0,0,0,0,0,1,8,0,0,0,0,0,0,0,0,0,0,0,0,0,0,0
704,LTE_PDCP_DL_Stats,2021-11-29 02:45:04.322863,1,1,196,2,688,4,0,0,0,,4,AM,2,0,0,8,740,0,0,0,0,0,0,0,0,0,0,0,0,0,0,0,0,8,740,0,0,0,0,0,0,0,0,0,0,0,0,0,0,0,5,AM,2,0,0,0,0,0,0,0,0,0,0,0,0,0,0,0,0,0,0,0,0,0,0,0,0,0,0,0,0,0,0,0,0,0,0,0,0,0,33,AM,1,0,0,3,171,0,0,0,0,0,0,0,0,0,0,0,0,0,0,0,0,3,171,0,0,0,0,0,0,0,0,0,0,0,0,0,0,0,34,AM,1,0,0,1,8,0,0,0,0,0,0,0,0,0,0,0,0,0,0,0,0,1,8,0,0,0,0,0,0,0,0,0,0,0,0,0,0,0
704,LTE_PDCP_DL_Stats,2021-11-29 02:44:35.480107,1,1,196,2,688,4,0,0,0,,4,AM,2,0,0,28,9099,0,0,0,0,0,0,0,0,0,0,0,0,0,0,0,0,28,9099,0,0,0,0,0,0,0,0,0,0,0,0,0,0,0,5,AM,2,0,0,0,0,0,0,0,0,0,0,0,0,0,0,0,0,0,0,0,0,0,0,0,0,0,0,0,0,0,0,0,0,0,0,0,0,0,33,AM,1,0,0,3,171,0,0,0,0,0,0,0,0,0,0,0,0,0,0,0,0,3,171,0,0,0,0,0,0,0,0,0,0,0,0,0,0,0,34,AM,1,0,0,1,8,0,0,0,0,0,0,0,0,0,0,0,0,0,0,0,0,1,8,0,0,0,0,0,0,0,0,0,0,0,0,0,0,0
704,LTE_PDCP_DL_Stats,2021-11-29 02:44:35.982943,1,1,196,2,688,4,0,0,0,,4,AM,2,0,0,28,9099,0,0,0,0,0,0,0,0,0,0,0,0,0,0,0,0,28,9099,0,0,0,0,0,0,0,0,0,0,0,0,0,0,0,5,AM,2,0,0,0,0,0,0,0,0,0,0,0,0,0,0,0,0,0,0,0,0,0,0,0,0,0,0,0,0,0,0,0,0,0,0,0,0,0,33,AM,1,0,0,3,171,0,0,0,0,0,0,0,0,0,0,0,0,0,0,0,0,3,171,0,0,0,0,0,0,0,0,0,0,0,0,0,0,0,34,AM,1,0,0,1,8,0,0,0,0,0,0,0,0,0,0,0,0,0,0,0,0,1,8,0,0,0,0,0,0,0,0,0,0,0,0,0,0,0
704,LTE_PDCP_DL_Stats,2021-11-29 02:45:52.608251,1,1,196,2,688,4,0,0,0,,4,AM,2,0,0,7308,8314931,0,0,0,0,0,0,0,0,0,0,0,0,0,0,0,0,7308,8314931,0,0,0,0,0,0,0,0,0,0,0,0,0,0,0,5,AM,2,0,0,0,0,0,0,0,0,0,0,0,0,0,0,0,0,0,0,0,0,0,0,0,0,0,0,0,0,0,0,0,0,0,0,0,0,0,33,AM,1,0,0,4,243,0,0,0,0,0,0,0,0,0,0,0,0,0,0,0,0,4,243,0,0,0,0,0,0,0,0,0,0,0,0,0,0,0,34,AM,1,0,0,1,8,0,0,0,0,0,0,0,0,0,0,0,0,0,0,0,0,1,8,0,0,0,0,0,0,0,0,0,0,0,0,0,0,0
704,LTE_PDCP_DL_Stats,2021-11-29 02:45:18.522776,1,1,196,2,688,4,0,0,0,,4,AM,2,0,0,290,209486,0,0,0,0,0,0,0,0,0,0,0,0,0,0,0,0,290,209486,0,0,0,0,0,0,0,0,0,0,0,0,0,0,0,5,AM,2,0,0,0,0,0,0,0,0,0,0,0,0,0,0,0,0,0,0,0,0,0,0,0,0,0,0,0,0,0,0,0,0,0,0,0,0,0,33,AM,1,0,0,3,171,0,0,0,0,0,0,0,0,0,0,0,0,0,0,0,0,3,171,0,0,0,0,0,0,0,0,0,0,0,0,0,0,0,34,AM,1,0,0,1,8,0,0,0,0,0,0,0,0,0,0,0,0,0,0,0,0,1,8,0,0,0,0,0,0,0,0,0,0,0,0,0,0,0
704,LTE_PDCP_DL_Stats,2021-11-29 02:45:19.022822,1,1,196,2,688,4,0,0,0,,4,AM,2,0,0,290,209486,0,0,0,0,0,0,0,0,0,0,0,0,0,0,0,0,290,209486,0,0,0,0,0,0,0,0,0,0,0,0,0,0,0,5,AM,2,0,0,0,0,0,0,0,0,0,0,0,0,0,0,0,0,0,0,0,0,0,0,0,0,0,0,0,0,0,0,0,0,0,0,0,0,0,33,AM,1,0,0,3,171,0,0,0,0,0,0,0,0,0,0,0,0,0,0,0,0,3,171,0,0,0,0,0,0,0,0,0,0,0,0,0,0,0,34,AM,1,0,0,1,8,0,0,0,0,0,0,0,0,0,0,0,0,0,0,0,0,1,8,0,0,0,0,0,0,0,0,0,0,0,0,0,0,0
704,LTE_PDCP_DL_Stats,2021-11-29 02:45:19.522827,1,1,196,2,688,4,0,0,0,,4,AM,2,0,0,290,209486,0,0,0,0,0,0,0,0,0,0,0,0,0,0,0,0,290,209486,0,0,0,0,0,0,0,0,0,0,0,0,0,0,0,5,AM,2,0,0,0,0,0,0,0,0,0,0,0,0,0,0,0,0,0,0,0,0,0,0,0,0,0,0,0,0,0,0,0,0,0,0,0,0,0,33,AM,1,0,0,3,171,0,0,0,0,0,0,0,0,0,0,0,0,0,0,0,0,3,171,0,0,0,0,0,0,0,0,0,0,0,0,0,0,0,34,AM,1,0,0,1,8,0,0,0,0,0,0,0,0,0,0,0,0,0,0,0,0,1,8,0,0,0,0,0,0,0,0,0,0,0,0,0,0,0
704,LTE_PDCP_DL_Stats,2021-11-29 02:50:11.948019,1,1,196,2,688,4,0,0,0,,4,AM,2,0,0,14,8485,0,0,0,0,0,0,0,0,0,0,0,0,0,0,0,0,14,8485,0,0,0,0,0,0,0,0,0,0,0,0,0,0,0,5,AM,2,0,0,0,0,0,0,0,0,0,0,0,0,0,0,0,0,0,0,0,0,0,0,0,0,0,0,0,0,0,0,0,0,0,0,0,0,0,33,AM,1,0,0,3,171,0,0,0,0,0,0,0,0,0,0,0,0,0,0,0,0,3,171,0,0,0,0,0,0,0,0,0,0,0,0,0,0,0,34,AM,1,0,0,1,8,0,0,0,0,0,0,0,0,0,0,0,0,0,0,0,0,1,8,0,0,0,0,0,0,0,0,0,0,0,0,0,0,0
704,LTE_PDCP_DL_Stats,2021-11-29 02:44:48.562906,1,1,196,2,688,4,0,0,0,,4,AM,2,0,0,21,1936,0,0,0,0,0,0,0,0,0,0,0,0,0,0,0,0,21,1936,0,0,0,0,0,0,0,0,0,0,0,0,0,0,0,5,AM,2,0,0,0,0,0,0,0,0,0,0,0,0,0,0,0,0,0,0,0,0,0,0,0,0,0,0,0,0,0,0,0,0,0,0,0,0,0,33,AM,1,0,0,3,171,0,0,0,0,0,0,0,0,0,0,0,0,0,0,0,0,3,171,0,0,0,0,0,0,0,0,0,0,0,0,0,0,0,34,AM,1,0,0,1,8,0,0,0,0,0,0,0,0,0,0,0,0,0,0,0,0,1,8,0,0,0,0,0,0,0,0,0,0,0,0,0,0,0
704,LTE_PDCP_DL_Stats,2021-11-29 02:44:49.047845,1,1,196,2,688,4,0,0,0,,4,AM,2,0,0,21,1936,0,0,0,0,0,0,0,0,0,0,0,0,0,0,0,0,21,1936,0,0,0,0,0,0,0,0,0,0,0,0,0,0,0,5,AM,2,0,0,0,0,0,0,0,0,0,0,0,0,0,0,0,0,0,0,0,0,0,0,0,0,0,0,0,0,0,0,0,0,0,0,0,0,0,33,AM,1,0,0,3,171,0,0,0,0,0,0,0,0,0,0,0,0,0,0,0,0,3,171,0,0,0,0,0,0,0,0,0,0,0,0,0,0,0,34,AM,1,0,0,1,8,0,0,0,0,0,0,0,0,0,0,0,0,0,0,0,0,1,8,0,0,0,0,0,0,0,0,0,0,0,0,0,0,0
704,LTE_PDCP_DL_Stats,2021-11-29 02:44:49.547807,1,1,196,2,688,4,0,0,0,,4,AM,2,0,0,21,1936,0,0,0,0,0,0,0,0,0,0,0,0,0,0,0,0,21,1936,0,0,0,0,0,0,0,0,0,0,0,0,0,0,0,5,AM,2,0,0,0,0,0,0,0,0,0,0,0,0,0,0,0,0,0,0,0,0,0,0,0,0,0,0,0,0,0,0,0,0,0,0,0,0,0,33,AM,1,0,0,3,171,0,0,0,0,0,0,0,0,0,0,0,0,0,0,0,0,3,171,0,0,0,0,0,0,0,0,0,0,0,0,0,0,0,34,AM,1,0,0,1,8,0,0,0,0,0,0,0,0,0,0,0,0,0,0,0,0,1,8,0,0,0,0,0,0,0,0,0,0,0,0,0,0,0
704,LTE_PDCP_DL_Stats,2021-11-29 02:44:50.047847,1,1,196,2,688,4,0,0,0,,4,AM,2,0,0,21,1936,0,0,0,0,0,0,0,0,0,0,0,0,0,0,0,0,21,1936,0,0,0,0,0,0,0,0,0,0,0,0,0,0,0,5,AM,2,0,0,0,0,0,0,0,0,0,0,0,0,0,0,0,0,0,0,0,0,0,0,0,0,0,0,0,0,0,0,0,0,0,0,0,0,0,33,AM,1,0,0,3,171,0,0,0,0,0,0,0,0,0,0,0,0,0,0,0,0,3,171,0,0,0,0,0,0,0,0,0,0,0,0,0,0,0,34,AM,1,0,0,1,8,0,0,0,0,0,0,0,0,0,0,0,0,0,0,0,0,1,8,0,0,0,0,0,0,0,0,0,0,0,0,0,0,0
704,LTE_PDCP_DL_Stats,2021-11-29 02:44:50.547807,1,1,196,2,688,4,0,0,0,,4,AM,2,0,0,21,1936,0,0,0,0,0,0,0,0,0,0,0,0,0,0,0,0,21,1936,0,0,0,0,0,0,0,0,0,0,0,0,0,0,0,5,AM,2,0,0,0,0,0,0,0,0,0,0,0,0,0,0,0,0,0,0,0,0,0,0,0,0,0,0,0,0,0,0,0,0,0,0,0,0,0,33,AM,1,0,0,3,171,0,0,0,0,0,0,0,0,0,0,0,0,0,0,0,0,3,171,0,0,0,0,0,0,0,0,0,0,0,0,0,0,0,34,AM,1,0,0,1,8,0,0,0,0,0,0,0,0,0,0,0,0,0,0,0,0,1,8,0,0,0,0,0,0,0,0,0,0,0,0,0,0,0
704,LTE_PDCP_DL_Stats,2021-11-29 02:38:29.857035,1,1,196,2,688,4,0,0,0,,4,AM,2,0,0,1520,1485382,0,0,0,0,0,0,0,0,0,0,0,0,0,0,0,0,1520,1485382,0,0,0,0,0,0,0,0,0,0,0,0,0,0,0,5,AM,2,0,0,0,0,0,0,0,0,0,0,0,0,0,0,0,0,0,0,0,0,0,0,0,0,0,0,0,0,0,0,0,0,0,0,0,0,0,33,AM,1,0,0,5,376,0,0,0,0,0,0,0,0,0,0,0,0,0,0,0,0,5,376,0,0,0,0,0,0,0,0,0,0,0,0,0,0,0,34,AM,1,0,0,1,8,0,0,0,0,0,0,0,0,0,0,0,0,0,0,0,0,1,8,0,0,0,0,0,0,0,0,0,0,0,0,0,0,0
704,LTE_PDCP_DL_Stats,2021-11-29 02:38:12.857092,1,1,196,2,688,4,0,0,0,,4,AM,2,0,0,46,21349,0,0,0,0,0,0,0,0,0,0,0,0,0,0,0,0,46,21349,0,0,0,0,0,0,0,0,0,0,0,0,0,0,0,5,AM,2,0,0,0,0,0,0,0,0,0,0,0,0,0,0,0,0,0,0,0,0,0,0,0,0,0,0,0,0,0,0,0,0,0,0,0,0,0,33,AM,1,0,0,4,300,0,0,0,0,0,0,0,0,0,0,0,0,0,0,0,0,4,300,0,0,0,0,0,0,0,0,0,0,0,0,0,0,0,34,AM,1,0,0,1,8,0,0,0,0,0,0,0,0,0,0,0,0,0,0,0,0,1,8,0,0,0,0,0,0,0,0,0,0,0,0,0,0,0
704,LTE_PDCP_DL_Stats,2021-11-29 02:44:47.047846,1,1,196,2,688,4,0,0,0,,4,AM,2,0,0,21,1936,0,0,0,0,0,0,0,0,0,0,0,0,0,0,0,0,21,1936,0,0,0,0,0,0,0,0,0,0,0,0,0,0,0,5,AM,2,0,0,0,0,0,0,0,0,0,0,0,0,0,0,0,0,0,0,0,0,0,0,0,0,0,0,0,0,0,0,0,0,0,0,0,0,0,33,AM,1,0,0,3,171,0,0,0,0,0,0,0,0,0,0,0,0,0,0,0,0,3,171,0,0,0,0,0,0,0,0,0,0,0,0,0,0,0,34,AM,1,0,0,1,8,0,0,0,0,0,0,0,0,0,0,0,0,0,0,0,0,1,8,0,0,0,0,0,0,0,0,0,0,0,0,0,0,0
704,LTE_PDCP_DL_Stats,2021-11-29 02:44:47.562907,1,1,196,2,688,4,0,0,0,,4,AM,2,0,0,21,1936,0,0,0,0,0,0,0,0,0,0,0,0,0,0,0,0,21,1936,0,0,0,0,0,0,0,0,0,0,0,0,0,0,0,5,AM,2,0,0,0,0,0,0,0,0,0,0,0,0,0,0,0,0,0,0,0,0,0,0,0,0,0,0,0,0,0,0,0,0,0,0,0,0,0,33,AM,1,0,0,3,171,0,0,0,0,0,0,0,0,0,0,0,0,0,0,0,0,3,171,0,0,0,0,0,0,0,0,0,0,0,0,0,0,0,34,AM,1,0,0,1,8,0,0,0,0,0,0,0,0,0,0,0,0,0,0,0,0,1,8,0,0,0,0,0,0,0,0,0,0,0,0,0,0,0
704,LTE_PDCP_DL_Stats,2021-11-29 02:44:48.062891,1,1,196,2,688,4,0,0,0,,4,AM,2,0,0,21,1936,0,0,0,0,0,0,0,0,0,0,0,0,0,0,0,0,21,1936,0,0,0,0,0,0,0,0,0,0,0,0,0,0,0,5,AM,2,0,0,0,0,0,0,0,0,0,0,0,0,0,0,0,0,0,0,0,0,0,0,0,0,0,0,0,0,0,0,0,0,0,0,0,0,0,33,AM,1,0,0,3,171,0,0,0,0,0,0,0,0,0,0,0,0,0,0,0,0,3,171,0,0,0,0,0,0,0,0,0,0,0,0,0,0,0,34,AM,1,0,0,1,8,0,0,0,0,0,0,0,0,0,0,0,0,0,0,0,0,1,8,0,0,0,0,0,0,0,0,0,0,0,0,0,0,0
704,LTE_PDCP_DL_Stats,2021-11-29 02:38:24.857139,1,1,196,2,688,4,0,0,0,,4,AM,2,0,0,1495,1482598,0,0,0,0,0,0,0,0,0,0,0,0,0,0,0,0,1495,1482598,0,0,0,0,0,0,0,0,0,0,0,0,0,0,0,5,AM,2,0,0,0,0,0,0,0,0,0,0,0,0,0,0,0,0,0,0,0,0,0,0,0,0,0,0,0,0,0,0,0,0,0,0,0,0,0,33,AM,1,0,0,5,376,0,0,0,0,0,0,0,0,0,0,0,0,0,0,0,0,5,376,0,0,0,0,0,0,0,0,0,0,0,0,0,0,0,34,AM,1,0,0,1,8,0,0,0,0,0,0,0,0,0,0,0,0,0,0,0,0,1,8,0,0,0,0,0,0,0,0,0,0,0,0,0,0,0
